,Libmv-8pt,Almeida-RANSAC,Homography-RANSAC,Homography-LMedS,Libmv-7pt,Multiview-LMedS,Almeida,Multiview-RANSAC
1,0.46348526441012333,0.03819212116889523,0.2623533991848036,0.2623533991848036,0.21676404024842605,0.10491185663726392,0.03011729636610931,0.11979109576197167
1dyn,0.6673838704013569,0.05264404788452432,0.3322445231291504,0.3322445231291504,0.34988160318834227,0.17120940951514324,0.11583763844488912,0.20276297076988206
2,0.5256765258090925,0.03768301962364791,0.3804726863410433,0.3804726863410433,0.29189906424246165,0.15760375025075812,0.0607602956819737,0.21086190598937163
2dyn,0.7797633000894035,0.054925323243344225,0.4942121574883366,0.4942121574883366,0.4022861020163739,0.2575044993340581,0.14345420839874257,0.2979396957717242
3,0.45573269750222645,0.1148061140676963,0.3808989159501557,0.3808989159501557,0.30432208646366615,0.34741623450952225,0.10466593723478304,0.24353028302412638
3dyn,0.9229625804747816,0.10504823496738097,0.5810366415577908,0.5810366415577908,0.5672259716183214,0.3529068581958449,0.16188213848018623,0.3194484568296213
4,0.5849038864803908,0.08934416359862724,0.44420604877417036,0.44420604877417036,0.37184792783649867,0.32464941078119625,0.11738316811702196,0.24165643749844185
4dyn,0.9105973584982248,0.09574932113521539,0.6694900383605465,0.6694900383605465,0.5161245439471229,0.38382342199538505,0.1745836223251332,0.322121856962979
