,Multiview-LMedS,Homography-LMedS,Libmv-8pt,Almeida-RANSAC,Almeida,Homography-RANSAC,Multiview-RANSAC,Libmv-7pt
1,0.08159123279346629,0.017576354777003013,0.038226531456057436,0.015911560986359687,0.0236535585461805,0.017816818095019154,0.06707061056398793,0.03814648388418075
1dyn,0.07087946282486583,0.01764945694709339,0.039040082960722325,0.015818733315676438,0.05014810319886125,0.018144893052295146,0.06161151566449023,0.02868425897938152
2,0.116507787197145,0.1488532809865621,0.13245967387524166,0.028846950078692406,0.048041579517710827,0.12626870577881802,0.11041185469133424,0.11471249659827441
2dyn,0.10302348041469805,0.17817060091620723,0.14544148081880562,0.02480741170999737,0.07266896817537528,0.12354228202064332,0.09545204809936994,0.09405400009741577
3,0.12208969249201418,0.14581588020537667,0.13630265101667768,0.02944794575568463,0.047869167215611755,0.12985867188480282,0.11981678139212913,0.11508841907287294
3dyn,0.11020597708584177,0.18191120636363686,0.22375139746946965,0.025532601492036764,0.07465924902343893,0.1349452739393121,0.10916632247580246,0.13957529447090072
4,0.13364281808040146,0.17801686434851366,0.14248975947179493,0.07036889945332482,0.05772253605162981,0.1495190730003948,0.1356370870412203,0.13732872987028572
4dyn,0.16160566575049917,0.2932156389086201,0.25079480464638815,0.07005796112549073,0.08673992486467115,0.2181422074789873,0.1344895545782696,0.2161195304964561
