,Libmv-8pt,Almeida-RANSAC,Homography-RANSAC,Homography-LMedS,Libmv-7pt,Multiview-LMedS,Almeida,Multiview-RANSAC
1,0.32407721150248175,0.03513088066899223,0.20898049643405914,0.20898049643405914,0.18814597893878135,0.11080554853311297,0.034115058957367383,0.12172739290718923
1dyn,0.30263260867830744,0.039931625971628644,0.23762278729186614,0.23762278729186614,0.191648735386149,0.11915833852826122,0.054026927346013734,0.12487129985980759
2,0.25022161892272404,0.06590194539262442,0.26964798936844636,0.26964798936844636,0.18755002693634112,0.16377790267658318,0.056234131389257695,0.17466959700303505
2dyn,0.3406353124197541,0.08502673495380383,0.3242599508180316,0.3242599508180316,0.2270664629221063,0.21665143412283197,0.0868530722505041,0.21905049343653396
3,0.27888351029909647,0.08008930466739883,0.3572043923396884,0.3572043923396884,0.2128262124175056,0.2249337426978122,0.08115629221565565,0.20431792348138011
3dyn,0.38412303223922384,0.10199230104850017,0.40728966295438296,0.40728966295438296,0.25880697339021674,0.28123976797864847,0.10740713644054029,0.25532615595348596
4,0.3210827956501762,0.10160063299382396,0.4325111354816268,0.4325111354816268,0.27186320028782707,0.268409458855248,0.11869671234989378,0.22869578201756982
4dyn,0.36494886997372594,0.11463546502382166,0.45771332557858224,0.45771332557858224,0.26633184250080505,0.30633336297968994,0.11983931128652305,0.24977318331627424
