,Libmv-8pt,Almeida-RANSAC,Homography-RANSAC,Homography-LMedS,Libmv-7pt,Multiview-LMedS,Almeida,Multiview-RANSAC
1,1441.3102981796721,29.29403945,101.78796790864345,102.81010564833933,2738.658890185274,486.6066463265306,25.23238693612012,570.9744636134454
1dyn,1194.52542919984,26.202757311998802,105.05202802941177,105.7588892782713,2314.732030462185,339.8089377551021,24.915246454000002,413.49116954781914
2,982.7397029887956,28.0517087144,67.1424282557423,67.34243427262905,1864.5249821464586,339.87830979191676,17.56650223552,410.06542054821927
2dyn,902.8748767130852,25.360547089199997,86.05750177034815,86.87276466082433,1797.612574637455,283.3441062184874,19.188290455279958,347.4517611164466
3,866.306785879407,27.307386586000003,44.994252201880755,45.30625638919568,1588.7253186970788,357.29781177631054,15.960688731240001,417.5058773385354
3dyn,881.2881144576291,24.954866467600002,96.96238028575429,97.40564836282513,1767.083635985589,289.9422573285314,18.577801342959997,354.6440333213285
4,501.6856858042434,26.042886362,39.676286015806326,40.146691536934775,850.4495367979191,211.96511206362547,11.467684646419961,244.86369028491393
4dyn,748.2143286386217,24.055975657999998,87.63230081648659,88.34943774341735,1515.988868202162,226.27852968987594,16.643461909360003,285.3679115302121
