,Multiview-LMedS,Homography-LMedS,Libmv-8pt,Almeida-RANSAC,Almeida,Homography-RANSAC,Multiview-RANSAC,Libmv-7pt
av,236.7604830280112,9.075027338760503,171.67108344446558,27.8745512488498,17.22492661425502,10.651705827365944,203.19192250510207,266.79590785786274
rlof,424.7705272208883,37.00424118793518,1117.3933207658974,30.13536531030005,26.316680034800015,36.83580140569728,489.5290611614146,1947.8518654368415
farneback,316.89021386879756,79.24902848655461,939.8681527326619,26.40877095489985,18.694007838862504,78.66314316050921,380.5455409126151,1804.721979639265
hr_rlof,,1077.1877300250198,,100.0202102614494,687.2744172654,880.3854655129103,,
