,Libmv-8pt,Almeida-RANSAC,Homography-RANSAC,Homography-LMedS,Libmv-7pt,Multiview-LMedS,Almeida,Multiview-RANSAC
1,1379.1071228226579,33.4081919943984,28.594522257783115,28.388731326810728,2549.7099621344537,474.996512545018,27.89719929672,558.8285280952381
1dyn,1161.0062016766708,28.335023633600002,38.45450661956783,38.74007183409365,2213.8551948815525,394.2534461464586,24.5970889018,465.3062298743497
2,1136.0076866870747,33.6436914716,20.713376357342938,20.73879105622249,1826.5215547338937,523.3235415406161,28.613549480640085,583.8089223825531
2dyn,1055.3111076730693,27.666273557202,34.05168084245698,34.258821728291316,1831.4439118687471,353.3063263145258,24.80660622872,424.122643797519
3,1190.9021203909565,33.6614574476,41.41887283929572,41.08404965190076,2000.6551103394715,535.0833531572629,29.114683045999996,592.4500050900359
3dyn,1093.9458250688276,27.3683172792,49.320880230172065,49.79549375578231,1945.9510628259302,362.8120984233694,25.179575784079997,433.80087264705884
4,872.1816123273308,29.825590287599997,41.67181729067627,42.240527440416166,1393.733239347339,402.450151472589,24.85214896984012,437.372880140056
4dyn,1050.6848894805921,27.174376811199995,40.46075480828331,40.78744270996399,1820.944887363345,351.93878816726686,25.47258857059992,420.5424072645057
